<http://bio2rdf.org/kegg:D02022>,0
<http://bio2rdf.org/kegg:D00474>,1
<http://bio2rdf.org/kegg:D00788>,2
<http://bio2rdf.org/kegg:D01226>,3
<http://bio2rdf.org/kegg:D00784>,4
<http://bio2rdf.org/kegg:D00283>,5
<http://bio2rdf.org/kegg:D00506>,6
<http://bio2rdf.org/kegg:D08045>,7
<http://bio2rdf.org/kegg:D03325>,8
<http://bio2rdf.org/kegg:D00330>,9
<http://bio2rdf.org/kegg:D02591>,10
<http://bio2rdf.org/kegg:D01061>,11
<http://bio2rdf.org/kegg:D00007>,12
<http://bio2rdf.org/kegg:D00825>,13
<http://bio2rdf.org/kegg:D00785>,14
<http://bio2rdf.org/kegg:D00405>,15
<http://bio2rdf.org/kegg:D01769>,16
<http://bio2rdf.org/kegg:D00350>,17
<http://bio2rdf.org/kegg:D01276>,18
<http://bio2rdf.org/kegg:D01413>,19
<http://bio2rdf.org/kegg:D08421>,20
<http://bio2rdf.org/kegg:D00295>,21
<http://bio2rdf.org/kegg:D00247>,22
<http://bio2rdf.org/kegg:D08295>,23
<http://bio2rdf.org/kegg:D00624>,24
<http://bio2rdf.org/kegg:D08146>,25
<http://bio2rdf.org/kegg:D08261>,26
<http://bio2rdf.org/kegg:D00487>,27
<http://bio2rdf.org/kegg:D00725>,28
<http://bio2rdf.org/kegg:D00276>,29
<http://bio2rdf.org/kegg:D01280>,30
<http://bio2rdf.org/kegg:D05261>,31
<http://bio2rdf.org/kegg:D02102>,32
<http://bio2rdf.org/kegg:D08623>,33
<http://bio2rdf.org/kegg:D00127>,34
<http://bio2rdf.org/kegg:D03410>,35
<http://bio2rdf.org/kegg:D07870>,36
<http://bio2rdf.org/kegg:D00331>,37
<http://bio2rdf.org/kegg:D02227>,38
<http://bio2rdf.org/kegg:D01245>,39
<http://bio2rdf.org/kegg:D03674>,40
<http://bio2rdf.org/kegg:D08227>,41
<http://bio2rdf.org/kegg:D00109>,42
<http://bio2rdf.org/kegg:D00478>,43
<http://bio2rdf.org/kegg:D00479>,44
<http://bio2rdf.org/kegg:D00631>,45
<http://bio2rdf.org/kegg:D00332>,46
<http://bio2rdf.org/kegg:D00475>,47
<http://bio2rdf.org/kegg:D00627>,48
<http://bio2rdf.org/kegg:D00132>,49
<http://bio2rdf.org/kegg:D00320>,50
<http://bio2rdf.org/kegg:D02580>,51
<http://bio2rdf.org/kegg:D00186>,52
<http://bio2rdf.org/kegg:D08060>,53
<http://bio2rdf.org/kegg:D01977>,54
<http://bio2rdf.org/kegg:D00252>,55
<http://bio2rdf.org/kegg:D01025>,56
<http://bio2rdf.org/kegg:D00904>,57
<http://bio2rdf.org/kegg:D00797>,58
<http://bio2rdf.org/kegg:D00770>,59
<http://bio2rdf.org/kegg:D00947>,60
<http://bio2rdf.org/kegg:D00945>,61
<http://bio2rdf.org/kegg:D03106>,62
<http://bio2rdf.org/kegg:D00640>,63
<http://bio2rdf.org/kegg:D08668>,64
<http://bio2rdf.org/kegg:D01227>,65
<http://bio2rdf.org/kegg:D02271>,66
<http://bio2rdf.org/kegg:D00484>,67
<http://bio2rdf.org/kegg:D02338>,68
<http://bio2rdf.org/kegg:D08233>,69
<http://bio2rdf.org/kegg:D00836>,70
<http://bio2rdf.org/kegg:D02968>,71
<http://bio2rdf.org/kegg:D07906>,72
<http://bio2rdf.org/kegg:D00706>,73
<http://bio2rdf.org/kegg:D00542>,74
<http://bio2rdf.org/kegg:D00500>,75
<http://bio2rdf.org/kegg:D00088>,76
<http://bio2rdf.org/kegg:D02184>,77
<http://bio2rdf.org/kegg:D00407>,78
<http://bio2rdf.org/kegg:D00491>,79
<http://bio2rdf.org/kegg:D01708>,80
<http://bio2rdf.org/kegg:D03180>,81
<http://bio2rdf.org/kegg:D00457>,82
<http://bio2rdf.org/kegg:D01263>,83
<http://bio2rdf.org/kegg:D03880>,84
<http://bio2rdf.org/kegg:D00235>,85
<http://bio2rdf.org/kegg:D02941>,86
<http://bio2rdf.org/kegg:D00426>,87
<http://bio2rdf.org/kegg:D00430>,88
<http://bio2rdf.org/kegg:D00554>,89
<http://bio2rdf.org/kegg:D00812>,90
<http://bio2rdf.org/kegg:D00707>,91
<http://bio2rdf.org/kegg:D00471>,92
<http://bio2rdf.org/kegg:D00292>,93
<http://bio2rdf.org/kegg:D00899>,94
<http://bio2rdf.org/kegg:D00563>,95
<http://bio2rdf.org/kegg:D08105>,96
<http://bio2rdf.org/kegg:D00601>,97
<http://bio2rdf.org/kegg:D02574>,98
<http://bio2rdf.org/kegg:D02213>,99
<http://bio2rdf.org/kegg:D02165>,100
<http://bio2rdf.org/kegg:D03936>,101
<http://bio2rdf.org/kegg:D00281>,102
<http://bio2rdf.org/kegg:D00762>,103
<http://bio2rdf.org/kegg:D00550>,104
<http://bio2rdf.org/kegg:D07727>,105
<http://bio2rdf.org/kegg:D00749>,106
<http://bio2rdf.org/kegg:D01074>,107
<http://bio2rdf.org/kegg:D00271>,108
<http://bio2rdf.org/kegg:D02289>,109
<http://bio2rdf.org/kegg:D05277>,110
<http://bio2rdf.org/kegg:D00658>,111
<http://bio2rdf.org/kegg:D07661>,112
<http://bio2rdf.org/kegg:D00546>,113
<http://bio2rdf.org/kegg:D01177>,114
<http://bio2rdf.org/kegg:D03535>,115
<http://bio2rdf.org/kegg:D00326>,116
<http://bio2rdf.org/kegg:D00818>,117
<http://bio2rdf.org/kegg:D00842>,118
<http://bio2rdf.org/kegg:D08389>,119
<http://bio2rdf.org/kegg:D01164>,120
<http://bio2rdf.org/kegg:D01871>,121
<http://bio2rdf.org/kegg:D02561>,122
<http://bio2rdf.org/kegg:D08013>,123
<http://bio2rdf.org/kegg:D01453>,124
<http://bio2rdf.org/kegg:D08469>,125
<http://bio2rdf.org/kegg:D00095>,126
<http://bio2rdf.org/kegg:D01008>,127
<http://bio2rdf.org/kegg:D00625>,128
<http://bio2rdf.org/kegg:D06177>,129
<http://bio2rdf.org/kegg:D01111>,130
<http://bio2rdf.org/kegg:D01637>,131
<http://bio2rdf.org/kegg:D03165>,132
<http://bio2rdf.org/kegg:D02689>,133
<http://bio2rdf.org/kegg:D04034>,134
<http://bio2rdf.org/kegg:D00848>,135
<http://bio2rdf.org/kegg:D01481>,136
<http://bio2rdf.org/kegg:D03798>,137
<http://bio2rdf.org/kegg:D02060>,138
<http://bio2rdf.org/kegg:D04490>,139
<http://bio2rdf.org/kegg:D00564>,140
<http://bio2rdf.org/kegg:D02129>,141
<http://bio2rdf.org/kegg:D00621>,142
<http://bio2rdf.org/kegg:D02290>,143
<http://bio2rdf.org/kegg:D01767>,144
<http://bio2rdf.org/kegg:D00567>,145
<http://bio2rdf.org/kegg:D08131>,146
<http://bio2rdf.org/kegg:D07916>,147
<http://bio2rdf.org/kegg:D00618>,148
<http://bio2rdf.org/kegg:D08449>,149
<http://bio2rdf.org/kegg:D00219>,150
<http://bio2rdf.org/kegg:D00539>,151
<http://bio2rdf.org/kegg:D00896>,152
<http://bio2rdf.org/kegg:D01501>,153
<http://bio2rdf.org/kegg:D00458>,154
<http://bio2rdf.org/kegg:D00824>,155
<http://bio2rdf.org/kegg:D00815>,156
<http://bio2rdf.org/kegg:D02149>,157
<http://bio2rdf.org/kegg:D00600>,158
<http://bio2rdf.org/kegg:D03710>,159
<http://bio2rdf.org/kegg:D00448>,160
<http://bio2rdf.org/kegg:D02260>,161
<http://bio2rdf.org/kegg:D01001>,162
<http://bio2rdf.org/kegg:D00270>,163
<http://bio2rdf.org/kegg:D00512>,164
<http://bio2rdf.org/kegg:D00535>,165
<http://bio2rdf.org/kegg:D01599>,166
<http://bio2rdf.org/kegg:D01239>,167
<http://bio2rdf.org/kegg:D00633>,168
<http://bio2rdf.org/kegg:D00503>,169
<http://bio2rdf.org/kegg:D05040>,170
<http://bio2rdf.org/kegg:D02101>,171
<http://bio2rdf.org/kegg:D00241>,172
<http://bio2rdf.org/kegg:D00714>,173
<http://bio2rdf.org/kegg:D00694>,174
<http://bio2rdf.org/kegg:D08682>,175
<http://bio2rdf.org/kegg:D00958>,176
<http://bio2rdf.org/kegg:D04024>,177
<http://bio2rdf.org/kegg:D00293>,178
<http://bio2rdf.org/kegg:D00371>,179
<http://bio2rdf.org/kegg:D02976>,180
<http://bio2rdf.org/kegg:D07448>,181
<http://bio2rdf.org/kegg:D00987>,182
<http://bio2rdf.org/kegg:D08575>,183
<http://bio2rdf.org/kegg:D01130>,184
<http://bio2rdf.org/kegg:D01160>,185
<http://bio2rdf.org/kegg:D05792>,186
<http://bio2rdf.org/kegg:D00966>,187
<http://bio2rdf.org/kegg:D01205>,188
<http://bio2rdf.org/kegg:D00319>,189
<http://bio2rdf.org/kegg:D00432>,190
<http://bio2rdf.org/kegg:D02103>,191
<http://bio2rdf.org/kegg:D02106>,192
<http://bio2rdf.org/kegg:D00519>,193
<http://bio2rdf.org/kegg:D02200>,194
<http://bio2rdf.org/kegg:D01581>,195
<http://bio2rdf.org/kegg:D00670>,196
<http://bio2rdf.org/kegg:D00661>,197
<http://bio2rdf.org/kegg:D02037>,198
<http://bio2rdf.org/kegg:D00712>,199
<http://bio2rdf.org/kegg:D01350>,200
<http://bio2rdf.org/kegg:D00717>,201
<http://bio2rdf.org/kegg:D00336>,202
<http://bio2rdf.org/kegg:D00816>,203
<http://bio2rdf.org/kegg:D08128>,204
<http://bio2rdf.org/kegg:D00446>,205
<http://bio2rdf.org/kegg:D00211>,206
<http://bio2rdf.org/kegg:D01078>,207
<http://bio2rdf.org/kegg:D00140>,208
<http://bio2rdf.org/kegg:D00961>,209
<http://bio2rdf.org/kegg:D05681>,210
<http://bio2rdf.org/kegg:D01475>,211
<http://bio2rdf.org/kegg:D00313>,212
<http://bio2rdf.org/kegg:D00924>,213
<http://bio2rdf.org/kegg:D02349>,214
<http://bio2rdf.org/kegg:D04382>,215
<http://bio2rdf.org/kegg:D00629>,216
<http://bio2rdf.org/kegg:D08645>,217
<http://bio2rdf.org/kegg:D02715>,218
<http://bio2rdf.org/kegg:D00483>,219
<http://bio2rdf.org/kegg:D00969>,220
<http://bio2rdf.org/kegg:D07495>,221
<http://bio2rdf.org/kegg:D00738>,222
<http://bio2rdf.org/kegg:D00619>,223
<http://bio2rdf.org/kegg:D07729>,224
<http://bio2rdf.org/kegg:D01028>,225
<http://bio2rdf.org/kegg:D08201>,226
<http://bio2rdf.org/kegg:D00298>,227
<http://bio2rdf.org/kegg:D08120>,228
<http://bio2rdf.org/kegg:D07892>,229
<http://bio2rdf.org/kegg:D00887>,230
<http://bio2rdf.org/kegg:D00944>,231
<http://bio2rdf.org/kegg:D00142>,232
<http://bio2rdf.org/kegg:D00555>,233
<http://bio2rdf.org/kegg:D00687>,234
<http://bio2rdf.org/kegg:D00472>,235
<http://bio2rdf.org/kegg:D03301>,236
<http://bio2rdf.org/kegg:D01907>,237
<http://bio2rdf.org/kegg:D03046>,238
<http://bio2rdf.org/kegg:D01066>,239
<http://bio2rdf.org/kegg:D01243>,240
<http://bio2rdf.org/kegg:D00636>,241
<http://bio2rdf.org/kegg:D00594>,242
<http://bio2rdf.org/kegg:D00643>,243
<http://bio2rdf.org/kegg:D00513>,244
<http://bio2rdf.org/kegg:D00538>,245
<http://bio2rdf.org/kegg:D07900>,246
<http://bio2rdf.org/kegg:D06104>,247
<http://bio2rdf.org/kegg:D04985>,248
<http://bio2rdf.org/kegg:D00228>,249
<http://bio2rdf.org/kegg:D02081>,250
<http://bio2rdf.org/kegg:D02567>,251
<http://bio2rdf.org/kegg:D01179>,252
<http://bio2rdf.org/kegg:D00696>,253
<http://bio2rdf.org/kegg:D01408>,254
<http://bio2rdf.org/kegg:D07837>,255
<http://bio2rdf.org/kegg:D00985>,256
<http://bio2rdf.org/kegg:D00349>,257
<http://bio2rdf.org/kegg:D01441>,258
<http://bio2rdf.org/kegg:D01253>,259
<http://bio2rdf.org/kegg:D00889>,260
<http://bio2rdf.org/kegg:D00420>,261
<http://bio2rdf.org/kegg:D00429>,262
<http://bio2rdf.org/kegg:D01069>,263
<http://bio2rdf.org/kegg:D00649>,264
<http://bio2rdf.org/kegg:D07488>,265
<http://bio2rdf.org/kegg:D00311>,266
<http://bio2rdf.org/kegg:D00799>,267
<http://bio2rdf.org/kegg:D02731>,268
<http://bio2rdf.org/kegg:D00097>,269
<http://bio2rdf.org/kegg:D08447>,270
<http://bio2rdf.org/kegg:D00865>,271
<http://bio2rdf.org/kegg:D00382>,272
<http://bio2rdf.org/kegg:D00729>,273
<http://bio2rdf.org/kegg:D00505>,274
<http://bio2rdf.org/kegg:D00744>,275
<http://bio2rdf.org/kegg:D00789>,276
<http://bio2rdf.org/kegg:D02235>,277
<http://bio2rdf.org/kegg:D05001>,278
<http://bio2rdf.org/kegg:D00841>,279
<http://bio2rdf.org/kegg:D00975>,280
<http://bio2rdf.org/kegg:D02009>,281
<http://bio2rdf.org/kegg:D01010>,282
<http://bio2rdf.org/kegg:D08516>,283
<http://bio2rdf.org/kegg:D07450>,284
<http://bio2rdf.org/kegg:D04409>,285
<http://bio2rdf.org/kegg:D01115>,286
<http://bio2rdf.org/kegg:D00608>,287
<http://bio2rdf.org/kegg:D04070>,288
<http://bio2rdf.org/kegg:D05595>,289
<http://bio2rdf.org/kegg:D00246>,290
<http://bio2rdf.org/kegg:D00287>,291
<http://bio2rdf.org/kegg:D03713>,292
<http://bio2rdf.org/kegg:D08435>,293
<http://bio2rdf.org/kegg:D06402>,294
<http://bio2rdf.org/kegg:D01224>,295
<http://bio2rdf.org/kegg:D05462>,296
<http://bio2rdf.org/kegg:D07759>,297
<http://bio2rdf.org/kegg:D01026>,298
<http://bio2rdf.org/kegg:D00648>,299
<http://bio2rdf.org/kegg:D00981>,300
<http://bio2rdf.org/kegg:D01399>,301
<http://bio2rdf.org/kegg:D01632>,302
<http://bio2rdf.org/kegg:D00365>,303
<http://bio2rdf.org/kegg:D02798>,304
<http://bio2rdf.org/kegg:D00437>,305
<http://bio2rdf.org/kegg:D00654>,306
<http://bio2rdf.org/kegg:D08556>,307
<http://bio2rdf.org/kegg:D05429>,308
<http://bio2rdf.org/kegg:D00452>,309
<http://bio2rdf.org/kegg:D02342>,310
<http://bio2rdf.org/kegg:D08115>,311
<http://bio2rdf.org/kegg:D00076>,312
<http://bio2rdf.org/kegg:D03833>,313
<http://bio2rdf.org/kegg:D00811>,314
<http://bio2rdf.org/kegg:D00346>,315
<http://bio2rdf.org/kegg:D02253>,316
<http://bio2rdf.org/kegg:D00617>,317
<http://bio2rdf.org/kegg:D01973>,318
<http://bio2rdf.org/kegg:D00549>,319
<http://bio2rdf.org/kegg:D00843>,320
<http://bio2rdf.org/kegg:D00334>,321
<http://bio2rdf.org/kegg:D00657>,322
<http://bio2rdf.org/kegg:D00197>,323
<http://bio2rdf.org/kegg:D07122>,324
<http://bio2rdf.org/kegg:D00626>,325
<http://bio2rdf.org/kegg:D00996>,326
<http://bio2rdf.org/kegg:D01011>,327
<http://bio2rdf.org/kegg:D00634>,328
<http://bio2rdf.org/kegg:D02716>,329
<http://bio2rdf.org/kegg:D00325>,330
<http://bio2rdf.org/kegg:D06606>,331
<http://bio2rdf.org/kegg:D04965>,332
<http://bio2rdf.org/kegg:D05513>,333
<http://bio2rdf.org/kegg:D00392>,334
<http://bio2rdf.org/kegg:D04625>,335
<http://bio2rdf.org/kegg:D00255>,336
<http://bio2rdf.org/kegg:D00502>,337
<http://bio2rdf.org/kegg:D02671>,338
<http://bio2rdf.org/kegg:D00063>,339
<http://bio2rdf.org/kegg:D02593>,340
<http://bio2rdf.org/kegg:D00578>,341
<http://bio2rdf.org/kegg:D01565>,342
<http://bio2rdf.org/kegg:D01240>,343
<http://bio2rdf.org/kegg:D02340>,344
<http://bio2rdf.org/kegg:D00122>,345
<http://bio2rdf.org/kegg:D02609>,346
<http://bio2rdf.org/kegg:D08259>,347
<http://bio2rdf.org/kegg:D00543>,348
<http://bio2rdf.org/kegg:D01383>,349
<http://bio2rdf.org/kegg:D04048>,350
<http://bio2rdf.org/kegg:D02910>,351
<http://bio2rdf.org/kegg:D08458>,352
<http://bio2rdf.org/kegg:D00606>,353
<http://bio2rdf.org/kegg:D08680>,354
<http://bio2rdf.org/kegg:D00224>,355
<http://bio2rdf.org/kegg:D00598>,356
<http://bio2rdf.org/kegg:D01849>,357
<http://bio2rdf.org/kegg:D06542>,358
<http://bio2rdf.org/kegg:D01425>,359
<http://bio2rdf.org/kegg:D00622>,360
<http://bio2rdf.org/kegg:D00184>,361
<http://bio2rdf.org/kegg:D00375>,362
<http://bio2rdf.org/kegg:D08349>,363
<http://bio2rdf.org/kegg:D03365>,364
<http://bio2rdf.org/kegg:D01290>,365
<http://bio2rdf.org/kegg:D00642>,366
<http://bio2rdf.org/kegg:D00765>,367
<http://bio2rdf.org/kegg:D00845>,368
<http://bio2rdf.org/kegg:D07984>,369
<http://bio2rdf.org/kegg:D03260>,370
<http://bio2rdf.org/kegg:D07946>,371
<http://bio2rdf.org/kegg:D02356>,372
<http://bio2rdf.org/kegg:D00922>,373
<http://bio2rdf.org/kegg:D01080>,374
<http://bio2rdf.org/kegg:D08410>,375
<http://bio2rdf.org/kegg:D00638>,376
<http://bio2rdf.org/kegg:D07971>,377
<http://bio2rdf.org/kegg:D07748>,378
<http://bio2rdf.org/kegg:D00462>,379
<http://bio2rdf.org/kegg:D01998>,380
<http://bio2rdf.org/kegg:D00105>,381
<http://bio2rdf.org/kegg:D00650>,382
<http://bio2rdf.org/kegg:D00315>,383
<http://bio2rdf.org/kegg:D02249>,384
<http://bio2rdf.org/kegg:D08355>,385
<http://bio2rdf.org/kegg:D00873>,386
<http://bio2rdf.org/kegg:D01402>,387
<http://bio2rdf.org/kegg:D00593>,388
<http://bio2rdf.org/kegg:D00616>,389
<http://bio2rdf.org/kegg:D00614>,390
<http://bio2rdf.org/kegg:D00973>,391
<http://bio2rdf.org/kegg:D00453>,392
<http://bio2rdf.org/kegg:D00795>,393
<http://bio2rdf.org/kegg:D00599>,394
<http://bio2rdf.org/kegg:D00480>,395
<http://bio2rdf.org/kegg:D01269>,396
<http://bio2rdf.org/kegg:D08074>,397
<http://bio2rdf.org/kegg:D01355>,398
<http://bio2rdf.org/kegg:D02360>,399
<http://bio2rdf.org/kegg:D00124>,400
<http://bio2rdf.org/kegg:D00308>,401
<http://bio2rdf.org/kegg:D00559>,402
<http://bio2rdf.org/kegg:D08600>,403
<http://bio2rdf.org/kegg:D02173>,404
<http://bio2rdf.org/kegg:D04855>,405
<http://bio2rdf.org/kegg:D01334>,406
<http://bio2rdf.org/kegg:D08324>,407
<http://bio2rdf.org/kegg:D01310>,408
<http://bio2rdf.org/kegg:D00793>,409
<http://bio2rdf.org/kegg:D00980>,410
<http://bio2rdf.org/kegg:D02150>,411
<http://bio2rdf.org/kegg:D04023>,412
<http://bio2rdf.org/kegg:D03656>,413
<http://bio2rdf.org/kegg:D00195>,414
<http://bio2rdf.org/kegg:D04038>,415
<http://bio2rdf.org/kegg:D00934>,416
<http://bio2rdf.org/kegg:D00809>,417
<http://bio2rdf.org/kegg:D00138>,418
<http://bio2rdf.org/kegg:D00136>,419
<http://bio2rdf.org/kegg:D05648>,420
<http://bio2rdf.org/kegg:D00335>,421
<http://bio2rdf.org/kegg:D00688>,422
<http://bio2rdf.org/kegg:D05319>,423
<http://bio2rdf.org/kegg:D02274>,424
<http://bio2rdf.org/kegg:D01372>,425
<http://bio2rdf.org/kegg:D09339>,426
<http://bio2rdf.org/kegg:D08430>,427
<http://bio2rdf.org/kegg:D00676>,428
<http://bio2rdf.org/kegg:D00689>,429
<http://bio2rdf.org/kegg:D00516>,430
<http://bio2rdf.org/kegg:D03150>,431
<http://bio2rdf.org/kegg:D07782>,432
<http://bio2rdf.org/kegg:D00120>,433
<http://bio2rdf.org/kegg:D01363>,434
<http://bio2rdf.org/kegg:D00866>,435
<http://bio2rdf.org/kegg:D05177>,436
<http://bio2rdf.org/kegg:D00820>,437
<http://bio2rdf.org/kegg:D08385>,438
<http://bio2rdf.org/kegg:D02123>,439
<http://bio2rdf.org/kegg:D03669>,440
<http://bio2rdf.org/kegg:D00118>,441
<http://bio2rdf.org/kegg:D00604>,442
<http://bio2rdf.org/kegg:D00232>,443
<http://bio2rdf.org/kegg:D00726>,444
<http://bio2rdf.org/kegg:D01272>,445
<http://bio2rdf.org/kegg:D01361>,446
<http://bio2rdf.org/kegg:D07624>,447
<http://bio2rdf.org/kegg:D00603>,448
<http://bio2rdf.org/kegg:D01689>,449
<http://bio2rdf.org/kegg:D00372>,450
<http://bio2rdf.org/kegg:D02197>,451
<http://bio2rdf.org/kegg:D02156>,452
<http://bio2rdf.org/kegg:D01710>,453
<http://bio2rdf.org/kegg:D04064>,454
<http://bio2rdf.org/kegg:D01429>,455
<http://bio2rdf.org/kegg:D00465>,456
<http://bio2rdf.org/kegg:D00244>,457
<http://bio2rdf.org/kegg:D00130>,458
<http://bio2rdf.org/kegg:D02336>,459
<http://bio2rdf.org/kegg:D07704>,460
<http://bio2rdf.org/kegg:D00126>,461
<http://bio2rdf.org/kegg:D08237>,462
<http://bio2rdf.org/kegg:D02908>,463
<http://bio2rdf.org/kegg:D01464>,464
<http://bio2rdf.org/kegg:D00419>,465
<http://bio2rdf.org/kegg:D00630>,466
<http://bio2rdf.org/kegg:D08354>,467
<http://bio2rdf.org/kegg:D08485>,468
<http://bio2rdf.org/kegg:D01006>,469
<http://bio2rdf.org/kegg:D00715>,470
<http://bio2rdf.org/kegg:D01162>,471
<http://bio2rdf.org/kegg:D01596>,472
<http://bio2rdf.org/kegg:D05140>,473
<http://bio2rdf.org/kegg:D00926>,474
<http://bio2rdf.org/kegg:D00482>,475
<http://bio2rdf.org/kegg:D00545>,476
<http://bio2rdf.org/kegg:D00693>,477
<http://bio2rdf.org/kegg:D02374>,478
<http://bio2rdf.org/kegg:D00416>,479
<http://bio2rdf.org/kegg:D02247>,480
<http://bio2rdf.org/kegg:D02002>,481
<http://bio2rdf.org/kegg:D02825>,482
<http://bio2rdf.org/kegg:D00294>,483
<http://bio2rdf.org/kegg:D01703>,484
<http://bio2rdf.org/kegg:D00798>,485
<http://bio2rdf.org/kegg:D04895>,486
<http://bio2rdf.org/kegg:D06623>,487
<http://bio2rdf.org/kegg:D02354>,488
<http://bio2rdf.org/kegg:D00611>,489
<http://bio2rdf.org/kegg:D06213>,490
<http://bio2rdf.org/kegg:D00537>,491
<http://bio2rdf.org/kegg:D02126>,492
<http://bio2rdf.org/kegg:D00260>,493
<http://bio2rdf.org/kegg:D02824>,494
<http://bio2rdf.org/kegg:D02721>,495
<http://bio2rdf.org/kegg:D02705>,496
<http://bio2rdf.org/kegg:D04054>,497
<http://bio2rdf.org/kegg:D03731>,498
<http://bio2rdf.org/kegg:D07447>,499
<http://bio2rdf.org/kegg:D01819>,500
<http://bio2rdf.org/kegg:D08353>,501
<http://bio2rdf.org/kegg:D01976>,502
<http://bio2rdf.org/kegg:D08030>,503
<http://bio2rdf.org/kegg:D01024>,504
<http://bio2rdf.org/kegg:D00669>,505
<http://bio2rdf.org/kegg:D01699>,506
<http://bio2rdf.org/kegg:D08456>,507
<http://bio2rdf.org/kegg:D00596>,508
<http://bio2rdf.org/kegg:D00433>,509
<http://bio2rdf.org/kegg:D00210>,510
<http://bio2rdf.org/kegg:D01832>,511
<http://bio2rdf.org/kegg:D00615>,512
<http://bio2rdf.org/kegg:D03234>,513
<http://bio2rdf.org/kegg:D00867>,514
<http://bio2rdf.org/kegg:D00275>,515
<http://bio2rdf.org/kegg:D02358>,516
<http://bio2rdf.org/kegg:D03654>,517
<http://bio2rdf.org/kegg:D00986>,518
<http://bio2rdf.org/kegg:D00461>,519
<http://bio2rdf.org/kegg:D01390>,520
<http://bio2rdf.org/kegg:D02554>,521
<http://bio2rdf.org/kegg:D01948>,522
<http://bio2rdf.org/kegg:D00880>,523
<http://bio2rdf.org/kegg:D00110>,524
<http://bio2rdf.org/kegg:D00068>,525
<http://bio2rdf.org/kegg:D05011>,526
<http://bio2rdf.org/kegg:D05339>,527
<http://bio2rdf.org/kegg:D08125>,528
<http://bio2rdf.org/kegg:D01302>,529
<http://bio2rdf.org/kegg:D00675>,530
<http://bio2rdf.org/kegg:D07997>,531
<http://bio2rdf.org/kegg:D00456>,532
<http://bio2rdf.org/kegg:D05938>,533
<http://bio2rdf.org/kegg:D00435>,534
<http://bio2rdf.org/kegg:D00218>,535
<http://bio2rdf.org/kegg:D03541>,536
<http://bio2rdf.org/kegg:D00983>,537
<http://bio2rdf.org/kegg:D06103>,538
<http://bio2rdf.org/kegg:D02408>,539
<http://bio2rdf.org/kegg:D08209>,540
<http://bio2rdf.org/kegg:D00106>,541
<http://bio2rdf.org/kegg:D00466>,542
<http://bio2rdf.org/kegg:D00378>,543
<http://bio2rdf.org/kegg:D03714>,544
<http://bio2rdf.org/kegg:D07791>,545
<http://bio2rdf.org/kegg:D00781>,546
<http://bio2rdf.org/kegg:D05276>,547
<http://bio2rdf.org/kegg:D02229>,548
<http://bio2rdf.org/kegg:D00198>,549
<http://bio2rdf.org/kegg:D02246>,550
<http://bio2rdf.org/kegg:D03752>,551
<http://bio2rdf.org/kegg:D00351>,552
<http://bio2rdf.org/kegg:D00536>,553
<http://bio2rdf.org/kegg:D06881>,554
<http://bio2rdf.org/kegg:D00960>,555
<http://bio2rdf.org/kegg:D00544>,556
<http://bio2rdf.org/kegg:D02618>,557
<http://bio2rdf.org/kegg:D08425>,558
<http://bio2rdf.org/kegg:D00141>,559
<http://bio2rdf.org/kegg:D00497>,560
<http://bio2rdf.org/kegg:D00427>,561
<http://bio2rdf.org/kegg:D02562>,562
<http://bio2rdf.org/kegg:D03136>,563
<http://bio2rdf.org/kegg:D00181>,564
<http://bio2rdf.org/kegg:D08443>,565
<http://bio2rdf.org/kegg:D00216>,566
<http://bio2rdf.org/kegg:D00434>,567
<http://bio2rdf.org/kegg:D00753>,568
<http://bio2rdf.org/kegg:D00424>,569
<http://bio2rdf.org/kegg:D00387>,570
<http://bio2rdf.org/kegg:D00644>,571
<http://bio2rdf.org/kegg:D00821>,572
<http://bio2rdf.org/kegg:D00814>,573
<http://bio2rdf.org/kegg:D00597>,574
<http://bio2rdf.org/kegg:D00968>,575
<http://bio2rdf.org/kegg:D00418>,576
<http://bio2rdf.org/kegg:D01898>,577
<http://bio2rdf.org/kegg:D02350>,578
<http://bio2rdf.org/kegg:D01295>,579
<http://bio2rdf.org/kegg:D00321>,580
<http://bio2rdf.org/kegg:D08318>,581
<http://bio2rdf.org/kegg:D00477>,582
<http://bio2rdf.org/kegg:D01510>,583
<http://bio2rdf.org/kegg:D02216>,584
<http://bio2rdf.org/kegg:D00343>,585
<http://bio2rdf.org/kegg:D00874>,586
<http://bio2rdf.org/kegg:D02525>,587
<http://bio2rdf.org/kegg:D00674>,588
<http://bio2rdf.org/kegg:D07678>,589
<http://bio2rdf.org/kegg:D00668>,590
<http://bio2rdf.org/kegg:D00383>,591
<http://bio2rdf.org/kegg:D01844>,592
<http://bio2rdf.org/kegg:D00769>,593
<http://bio2rdf.org/kegg:D07715>,594
<http://bio2rdf.org/kegg:D00203>,595
<http://bio2rdf.org/kegg:D00515>,596
<http://bio2rdf.org/kegg:D02610>,597
<http://bio2rdf.org/kegg:D03327>,598
<http://bio2rdf.org/kegg:D00151>,599
<http://bio2rdf.org/kegg:D03274>,600
<http://bio2rdf.org/kegg:D01332>,601
<http://bio2rdf.org/kegg:D00678>,602
<http://bio2rdf.org/kegg:D01648>,603
<http://bio2rdf.org/kegg:D00049>,604
<http://bio2rdf.org/kegg:D04214>,605
<http://bio2rdf.org/kegg:D00530>,606
<http://bio2rdf.org/kegg:D01663>,607
<http://bio2rdf.org/kegg:D00463>,608
<http://bio2rdf.org/kegg:D00322>,609
<http://bio2rdf.org/kegg:D00501>,610
<http://bio2rdf.org/kegg:D00403>,611
<http://bio2rdf.org/kegg:D01079>,612
<http://bio2rdf.org/kegg:D08098>,613
<http://bio2rdf.org/kegg:D06887>,614
<http://bio2rdf.org/kegg:D02163>,615
<http://bio2rdf.org/kegg:D00813>,616
<http://bio2rdf.org/kegg:D00679>,617
<http://bio2rdf.org/kegg:D08378>,618
<http://bio2rdf.org/kegg:D02004>,619
<http://bio2rdf.org/kegg:D07881>,620
<http://bio2rdf.org/kegg:D03471>,621
<http://bio2rdf.org/kegg:D00822>,622
<http://bio2rdf.org/kegg:D00415>,623
<http://bio2rdf.org/kegg:D08270>,624
<http://bio2rdf.org/kegg:D01745>,625
<http://bio2rdf.org/kegg:D01167>,626
<http://bio2rdf.org/kegg:D00511>,627
<http://bio2rdf.org/kegg:D08106>,628
<http://bio2rdf.org/kegg:D02592>,629
<http://bio2rdf.org/kegg:D00700>,630
<http://bio2rdf.org/kegg:D00570>,631
<http://bio2rdf.org/kegg:D08123>,632
<http://bio2rdf.org/kegg:D08625>,633
<http://bio2rdf.org/kegg:D00485>,634
<http://bio2rdf.org/kegg:D02069>,635
<http://bio2rdf.org/kegg:D00680>,636
<http://bio2rdf.org/kegg:D00882>,637
<http://bio2rdf.org/kegg:D02086>,638
<http://bio2rdf.org/kegg:D03697>,639
<http://bio2rdf.org/kegg:D08387>,640
<http://bio2rdf.org/kegg:D02234>,641
<http://bio2rdf.org/kegg:D08305>,642
<http://bio2rdf.org/kegg:D07635>,643
<http://bio2rdf.org/kegg:D00455>,644
<http://bio2rdf.org/kegg:D00499>,645
<http://bio2rdf.org/kegg:D00464>,646
<http://bio2rdf.org/kegg:D00894>,647
<http://bio2rdf.org/kegg:D02566>,648
<http://bio2rdf.org/kegg:D00493>,649
<http://bio2rdf.org/kegg:D01712>,650
<http://bio2rdf.org/kegg:D02942>,651
<http://bio2rdf.org/kegg:D00632>,652
<http://bio2rdf.org/kegg:D02097>,653
<http://bio2rdf.org/kegg:D00438>,654
<http://bio2rdf.org/kegg:D07875>,655
<http://bio2rdf.org/kegg:D02217>,656
<http://bio2rdf.org/kegg:D02119>,657
<http://bio2rdf.org/kegg:D00386>,658
<http://bio2rdf.org/kegg:D00645>,659
<http://bio2rdf.org/kegg:D08638>,660
<http://bio2rdf.org/kegg:D01872>,661
<http://bio2rdf.org/kegg:D00552>,662
<http://bio2rdf.org/kegg:D08181>,663
<http://bio2rdf.org/kegg:D07457>,664
<http://bio2rdf.org/kegg:D00217>,665
<http://bio2rdf.org/kegg:D00251>,666
<http://bio2rdf.org/kegg:D08313>,667
<http://bio2rdf.org/kegg:D01915>,668
<http://bio2rdf.org/kegg:D05157>,669
<http://bio2rdf.org/kegg:D00776>,670
<http://bio2rdf.org/kegg:D00454>,671
<http://bio2rdf.org/kegg:D02088>,672
<http://bio2rdf.org/kegg:D00168>,673
<http://bio2rdf.org/kegg:D00690>,674
<http://bio2rdf.org/kegg:D00719>,675
<http://bio2rdf.org/kegg:D00390>,676
<http://bio2rdf.org/kegg:D00589>,677
<http://bio2rdf.org/kegg:D02624>,678
<http://bio2rdf.org/kegg:D00299>,679
<http://bio2rdf.org/kegg:D01230>,680
<http://bio2rdf.org/kegg:D07977>,681
<http://bio2rdf.org/kegg:D08490>,682
<http://bio2rdf.org/kegg:D00201>,683
<http://bio2rdf.org/kegg:D05374>,684
<http://bio2rdf.org/kegg:D00345>,685
<http://bio2rdf.org/kegg:D07866>,686
<http://bio2rdf.org/kegg:D00791>,687
<http://bio2rdf.org/kegg:D00839>,688
<http://bio2rdf.org/kegg:D00531>,689
<http://bio2rdf.org/kegg:D01603>,690
<http://bio2rdf.org/kegg:D00451>,691
<http://bio2rdf.org/kegg:D00520>,692
<http://bio2rdf.org/kegg:D00727>,693
<http://bio2rdf.org/kegg:D01196>,694
<http://bio2rdf.org/kegg:D07845>,695
<http://bio2rdf.org/kegg:D01303>,696
<http://bio2rdf.org/kegg:D08529>,697
<http://bio2rdf.org/kegg:D07463>,698
<http://bio2rdf.org/kegg:D00280>,699
<http://bio2rdf.org/kegg:D00236>,700
<http://bio2rdf.org/kegg:D01044>,701
<http://bio2rdf.org/kegg:D02142>,702
<http://bio2rdf.org/kegg:D05457>,703
<http://bio2rdf.org/kegg:D00324>,704
<http://bio2rdf.org/kegg:D00561>,705
<http://bio2rdf.org/kegg:D06106>,706
<http://bio2rdf.org/kegg:D01022>,707
<http://bio2rdf.org/kegg:D01148>,708
<http://bio2rdf.org/kegg:D05701>,709
<http://bio2rdf.org/kegg:D01982>,710
<http://bio2rdf.org/kegg:D00623>,711
<http://bio2rdf.org/kegg:D05375>,712
<http://bio2rdf.org/kegg:D00879>,713
<http://bio2rdf.org/kegg:D02008>,714
<http://bio2rdf.org/kegg:D00972>,715
<http://bio2rdf.org/kegg:D02134>,716
<http://bio2rdf.org/kegg:D01935>,717
<http://bio2rdf.org/kegg:D00733>,718
<http://bio2rdf.org/kegg:D08687>,719
<http://bio2rdf.org/kegg:D00129>,720
<http://bio2rdf.org/kegg:D08066>,721
<http://bio2rdf.org/kegg:D03262>,722
<http://bio2rdf.org/kegg:D02182>,723
<http://bio2rdf.org/kegg:D00665>,724
<http://bio2rdf.org/kegg:D00722>,725
<http://bio2rdf.org/kegg:D02207>,726
<http://bio2rdf.org/kegg:D04461>,727
<http://bio2rdf.org/kegg:D02914>,728
<http://bio2rdf.org/kegg:D00297>,729
<http://bio2rdf.org/kegg:D00303>,730
<http://bio2rdf.org/kegg:D01296>,731
<http://bio2rdf.org/kegg:D00425>,732
<http://bio2rdf.org/kegg:D02430>,733
<http://bio2rdf.org/kegg:D02174>,734
<http://bio2rdf.org/kegg:D01968>,735
<http://bio2rdf.org/kegg:D00340>,736
<http://bio2rdf.org/kegg:D08050>,737
<http://bio2rdf.org/kegg:D07831>,738
<http://bio2rdf.org/kegg:D00711>,739
<http://bio2rdf.org/kegg:D00792>,740
<http://bio2rdf.org/kegg:D00355>,741
<http://bio2rdf.org/kegg:D02049>,742
<http://bio2rdf.org/kegg:D00779>,743
<http://bio2rdf.org/kegg:D00585>,744
<http://bio2rdf.org/kegg:D00302>,745
<http://bio2rdf.org/kegg:D00787>,746
<http://bio2rdf.org/kegg:D00964>,747
<http://bio2rdf.org/kegg:D00523>,748
<http://bio2rdf.org/kegg:D00377>,749
<http://bio2rdf.org/kegg:D03744>,750
<http://bio2rdf.org/kegg:D07962>,751
<http://bio2rdf.org/kegg:D00560>,752
<http://bio2rdf.org/kegg:D07116>,753
<http://bio2rdf.org/kegg:D01615>,754
<http://bio2rdf.org/kegg:D02251>,755
<http://bio2rdf.org/kegg:D00547>,756
<http://bio2rdf.org/kegg:D04264>,757
<http://bio2rdf.org/kegg:D01216>,758
<http://bio2rdf.org/kegg:D01211>,759
<http://bio2rdf.org/kegg:D00919>,760
<http://bio2rdf.org/kegg:D00780>,761
<http://bio2rdf.org/kegg:D02555>,762
<http://bio2rdf.org/kegg:D01896>,763
<http://bio2rdf.org/kegg:D00903>,764
<http://bio2rdf.org/kegg:D00059>,765
<http://bio2rdf.org/kegg:D00800>,766
<http://bio2rdf.org/kegg:D00772>,767
<http://bio2rdf.org/kegg:D07654>,768
<http://bio2rdf.org/kegg:D03290>,769
<http://bio2rdf.org/kegg:D08207>,770
<http://bio2rdf.org/kegg:D00107>,771
<http://bio2rdf.org/kegg:D00777>,772
<http://bio2rdf.org/kegg:D00310>,773
<http://bio2rdf.org/kegg:D00528>,774
<http://bio2rdf.org/kegg:D05949>,775
<http://bio2rdf.org/kegg:D00074>,776
<http://bio2rdf.org/kegg:D05039>,777
<http://bio2rdf.org/kegg:D00672>,778
<http://bio2rdf.org/kegg:D00443>,779
<http://bio2rdf.org/kegg:D00562>,780
<http://bio2rdf.org/kegg:D00510>,781
<http://bio2rdf.org/kegg:D05259>,782
<http://bio2rdf.org/kegg:D00754>,783
<http://bio2rdf.org/kegg:D00823>,784
<http://bio2rdf.org/kegg:D01155>,785
<http://bio2rdf.org/kegg:D00583>,786
<http://bio2rdf.org/kegg:D02861>,787
<http://bio2rdf.org/kegg:D02352>,788
<http://bio2rdf.org/kegg:D00380>,789
<http://bio2rdf.org/kegg:D08685>,790
<http://bio2rdf.org/kegg:D00612>,791
<http://bio2rdf.org/kegg:D08491>,792
<http://bio2rdf.org/kegg:D03820>,793
<http://bio2rdf.org/kegg:D00147>,794
<http://bio2rdf.org/kegg:D00647>,795
<http://bio2rdf.org/kegg:D02347>,796
<http://bio2rdf.org/kegg:D08422>,797
<http://bio2rdf.org/kegg:D02355>,798
<http://bio2rdf.org/kegg:D01204>,799
<http://bio2rdf.org/kegg:D08411>,800
<http://bio2rdf.org/kegg:D06172>,801
<http://bio2rdf.org/kegg:D07641>,802
<http://bio2rdf.org/kegg:D02082>,803
<http://bio2rdf.org/kegg:D00237>,804
<http://bio2rdf.org/kegg:D00667>,805
<http://bio2rdf.org/kegg:D01096>,806
<http://bio2rdf.org/kegg:D03505>,807
<http://bio2rdf.org/kegg:D05002>,808
<http://bio2rdf.org/kegg:D00196>,809
<http://bio2rdf.org/kegg:D00656>,810
<http://bio2rdf.org/kegg:D07967>,811
<http://bio2rdf.org/kegg:D00158>,812
<http://bio2rdf.org/kegg:D05987>,813
<http://bio2rdf.org/kegg:D08525>,814
<http://bio2rdf.org/kegg:D01256>,815
<http://bio2rdf.org/kegg:D00517>,816
<http://bio2rdf.org/kegg:D00735>,817
<http://bio2rdf.org/kegg:D01122>,818
<http://bio2rdf.org/kegg:D00481>,819
<http://bio2rdf.org/kegg:D00895>,820
<http://bio2rdf.org/kegg:D05077>,821
<http://bio2rdf.org/kegg:D00225>,822
<http://bio2rdf.org/kegg:D00113>,823
<http://bio2rdf.org/kegg:D02599>,824
<http://bio2rdf.org/kegg:D00498>,825
<http://bio2rdf.org/kegg:D02070>,826
<http://bio2rdf.org/kegg:D01063>,827
<http://bio2rdf.org/kegg:D00548>,828
<http://bio2rdf.org/kegg:D08111>,829
<http://bio2rdf.org/kegg:D01387>,830
<http://bio2rdf.org/kegg:D01207>,831
<http://bio2rdf.org/kegg:D02434>,832
<http://bio2rdf.org/kegg:D02341>,833
<http://bio2rdf.org/kegg:D01002>,834
<http://bio2rdf.org/kegg:D08141>,835
<http://bio2rdf.org/kegg:D05649>,836
<http://bio2rdf.org/kegg:D08424>,837
<http://bio2rdf.org/kegg:D00639>,838
<http://bio2rdf.org/kegg:D02272>,839
<http://bio2rdf.org/kegg:D00997>,840
<http://bio2rdf.org/kegg:D00637>,841
<http://bio2rdf.org/kegg:D00732>,842
<http://bio2rdf.org/kegg:D00885>,843
<http://bio2rdf.org/kegg:D05587>,844
<http://bio2rdf.org/kegg:D05932>,845
<http://bio2rdf.org/kegg:D08531>,846
<http://bio2rdf.org/kegg:D02523>,847
<http://bio2rdf.org/kegg:D00402>,848
<http://bio2rdf.org/kegg:D00967>,849
<http://bio2rdf.org/kegg:D08070>,850
<http://bio2rdf.org/kegg:D00979>,851
<http://bio2rdf.org/kegg:D00169>,852
<http://bio2rdf.org/kegg:D07917>,853
<http://bio2rdf.org/kegg:D00373>,854
<http://bio2rdf.org/kegg:D01825>,855
<http://bio2rdf.org/kegg:D05000>,856
<http://bio2rdf.org/kegg:D00666>,857
<http://bio2rdf.org/kegg:D01242>,858
<http://bio2rdf.org/kegg:D08117>,859
<http://bio2rdf.org/kegg:D00850>,860
<http://bio2rdf.org/kegg:D01327>,861
<http://bio2rdf.org/kegg:D00826>,862
<http://bio2rdf.org/kegg:D01337>,863
<http://bio2rdf.org/kegg:D08594>,864
<http://bio2rdf.org/kegg:D07887>,865
<http://bio2rdf.org/kegg:D00229>,866
<http://bio2rdf.org/kegg:D04104>,867
<http://bio2rdf.org/kegg:D01287>,868
<http://bio2rdf.org/kegg:D02697>,869
<http://bio2rdf.org/kegg:D07965>,870
<http://bio2rdf.org/kegg:D05016>,871
<http://bio2rdf.org/kegg:D00459>,872
<http://bio2rdf.org/kegg:D03254>,873
<http://bio2rdf.org/kegg:D05008>,874
<http://bio2rdf.org/kegg:D08288>,875
<http://bio2rdf.org/kegg:D03415>,876
<http://bio2rdf.org/kegg:D00431>,877
<http://bio2rdf.org/kegg:D00139>,878
<http://bio2rdf.org/kegg:D02110>,879
<http://bio2rdf.org/kegg:D08163>,880
<http://bio2rdf.org/kegg:D00131>,881
<http://bio2rdf.org/kegg:D03822>,882
<http://bio2rdf.org/kegg:D00394>,883
<http://bio2rdf.org/kegg:D00199>,884
<http://bio2rdf.org/kegg:D05028>,885
<http://bio2rdf.org/kegg:D08222>,886
<http://bio2rdf.org/kegg:D02829>,887
<http://bio2rdf.org/kegg:D07760>,888
<http://bio2rdf.org/kegg:D00914>,889
<http://bio2rdf.org/kegg:D00759>,890
<http://bio2rdf.org/kegg:D07487>,891
<http://bio2rdf.org/kegg:D08368>,892
<http://bio2rdf.org/kegg:D03991>,893
<http://bio2rdf.org/kegg:D07992>,894
<http://bio2rdf.org/kegg:D03579>,895
<http://bio2rdf.org/kegg:D02076>,896
<http://bio2rdf.org/kegg:D00417>,897
<http://bio2rdf.org/kegg:D05511>,898
<http://bio2rdf.org/kegg:D00871>,899
<http://bio2rdf.org/kegg:D00697>,900
<http://bio2rdf.org/kegg:D01966>,901
<http://bio2rdf.org/kegg:D00473>,902
<http://bio2rdf.org/kegg:D07993>,903
<http://bio2rdf.org/kegg:D08690>,904
<http://bio2rdf.org/kegg:D07873>,905
<http://bio2rdf.org/kegg:D00397>,906
<http://bio2rdf.org/kegg:D00258>,907
<http://bio2rdf.org/kegg:D07983>,908
<http://bio2rdf.org/kegg:D00367>,909
<http://bio2rdf.org/kegg:D00721>,910
<http://bio2rdf.org/kegg:D07499>,911
<http://bio2rdf.org/kegg:D02211>,912
<http://bio2rdf.org/kegg:D08054>,913
<http://bio2rdf.org/kegg:D00058>,914
<http://bio2rdf.org/kegg:D00950>,915
<http://bio2rdf.org/kegg:D00205>,916
<http://bio2rdf.org/kegg:D01019>,917
<http://bio2rdf.org/kegg:D01236>,918
<http://bio2rdf.org/kegg:D00240>,919
<http://bio2rdf.org/kegg:D00794>,920
<http://bio2rdf.org/kegg:D08473>,921
<http://bio2rdf.org/kegg:D02629>,922
<http://bio2rdf.org/kegg:D01297>,923
<http://bio2rdf.org/kegg:D00312>,924
<http://bio2rdf.org/kegg:D00318>,925
<http://bio2rdf.org/kegg:D06503>,926
<http://bio2rdf.org/kegg:D04966>,927
<http://bio2rdf.org/kegg:D01448>,928
<http://bio2rdf.org/kegg:D03854>,929
<http://bio2rdf.org/kegg:D08648>,930
<http://bio2rdf.org/kegg:D08675>,931
<http://bio2rdf.org/kegg:D08104>,932
<http://bio2rdf.org/kegg:D00272>,933
<http://bio2rdf.org/kegg:D02115>,934
<http://bio2rdf.org/kegg:D08090>,935
<http://bio2rdf.org/kegg:D00888>,936
<http://bio2rdf.org/kegg:D02292>,937
<http://bio2rdf.org/kegg:D06272>,938
<http://bio2rdf.org/kegg:D00400>,939
<http://bio2rdf.org/kegg:D00357>,940
<http://bio2rdf.org/kegg:D00279>,941
<http://bio2rdf.org/kegg:D08205>,942
<http://bio2rdf.org/kegg:D06216>,943
<http://bio2rdf.org/kegg:D08195>,944
<http://bio2rdf.org/kegg:D02327>,945
<http://bio2rdf.org/kegg:D00370>,946
<http://bio2rdf.org/kegg:D08242>,947
<http://bio2rdf.org/kegg:D00428>,948
<http://bio2rdf.org/kegg:D00708>,949
<http://bio2rdf.org/kegg:D00358>,950
<http://bio2rdf.org/kegg:D01077>,951
<http://bio2rdf.org/kegg:D06304>,952
<http://bio2rdf.org/kegg:D04040>,953
<http://bio2rdf.org/kegg:D02287>,954
<http://bio2rdf.org/kegg:D00664>,955
<http://bio2rdf.org/kegg:D01029>,956
<http://bio2rdf.org/kegg:D08215>,957
<http://bio2rdf.org/kegg:D00422>,958
<http://bio2rdf.org/kegg:D01984>,959
<http://bio2rdf.org/kegg:D00982>,960
<http://bio2rdf.org/kegg:D01000>,961
<http://bio2rdf.org/kegg:D02558>,962
<http://bio2rdf.org/kegg:D00740>,963
<http://bio2rdf.org/kegg:D08144>,964
<http://bio2rdf.org/kegg:D00685>,965
<http://bio2rdf.org/kegg:D07461>,966
<http://bio2rdf.org/kegg:D05411>,967
<http://bio2rdf.org/kegg:D00445>,968
<http://bio2rdf.org/kegg:D00379>,969
<http://bio2rdf.org/kegg:D05744>,970
<http://bio2rdf.org/kegg:D08225>,971
<http://bio2rdf.org/kegg:D07990>,972
<http://bio2rdf.org/kegg:D02267>,973
<http://bio2rdf.org/kegg:D07497>,974
<http://bio2rdf.org/kegg:D01367>,975
<http://bio2rdf.org/kegg:D01654>,976
<http://bio2rdf.org/kegg:D00646>,977
<http://bio2rdf.org/kegg:D00553>,978
<http://bio2rdf.org/kegg:D01790>,979
<http://bio2rdf.org/kegg:D01357>,980
<http://bio2rdf.org/kegg:D08351>,981
<http://bio2rdf.org/kegg:D01739>,982
<http://bio2rdf.org/kegg:D01634>,983
<http://bio2rdf.org/kegg:D00673>,984
<http://bio2rdf.org/kegg:D03503>,985
<http://bio2rdf.org/kegg:D00851>,986
<http://bio2rdf.org/kegg:D02245>,987
<http://bio2rdf.org/kegg:D08044>,988
<http://bio2rdf.org/kegg:D00804>,989
<http://bio2rdf.org/kegg:D07460>,990
<http://bio2rdf.org/kegg:D02132>,991
<http://bio2rdf.org/kegg:D00758>,992
<http://bio2rdf.org/kegg:D00565>,993
<http://bio2rdf.org/kegg:D00734>,994
<http://bio2rdf.org/kegg:D08340>,995
<http://bio2rdf.org/kegg:D02219>,996
<http://bio2rdf.org/kegg:D02032>,997
<http://bio2rdf.org/kegg:D01450>,998
<http://bio2rdf.org/kegg:D03182>,999
<http://bio2rdf.org/kegg:D00724>,1000
<http://bio2rdf.org/kegg:D00651>,1001
<http://bio2rdf.org/kegg:D08325>,1002
<http://bio2rdf.org/kegg:D00399>,1003
<http://bio2rdf.org/kegg:D07880>,1004
<http://bio2rdf.org/kegg:D07713>,1005
<http://bio2rdf.org/kegg:D00655>,1006
<http://bio2rdf.org/kegg:D05601>,1007
<http://bio2rdf.org/kegg:D04435>,1008
<http://bio2rdf.org/kegg:D08636>,1009
<http://bio2rdf.org/kegg:D01223>,1010
<http://bio2rdf.org/kegg:D02709>,1011
<http://bio2rdf.org/kegg:D00514>,1012
<http://bio2rdf.org/kegg:D05459>,1013
<http://bio2rdf.org/kegg:D08569>,1014
<http://bio2rdf.org/kegg:D07803>,1015
<http://bio2rdf.org/kegg:D00032>,1016
<http://bio2rdf.org/kegg:D01103>,1017
<http://bio2rdf.org/kegg:D01307>,1018
<http://bio2rdf.org/kegg:D08365>,1019
<http://bio2rdf.org/kegg:D00267>,1020
<http://bio2rdf.org/kegg:D04405>,1021
<http://bio2rdf.org/kegg:D02362>,1022
<http://bio2rdf.org/kegg:D02193>,1023
<http://bio2rdf.org/kegg:D01617>,1024
<http://bio2rdf.org/kegg:D08216>,1025
<http://bio2rdf.org/kegg:D02090>,1026
<http://bio2rdf.org/kegg:D08132>,1027
<http://bio2rdf.org/kegg:D07878>,1028
<http://bio2rdf.org/kegg:D00587>,1029
<http://bio2rdf.org/kegg:D04221>,1030
<http://bio2rdf.org/kegg:D07651>,1031
<http://bio2rdf.org/kegg:D05021>,1032
<http://bio2rdf.org/kegg:D08293>,1033
<http://bio2rdf.org/kegg:D02091>,1034
<http://bio2rdf.org/kegg:D08489>,1035
<http://bio2rdf.org/kegg:D00575>,1036
<http://bio2rdf.org/kegg:D08679>,1037
<http://bio2rdf.org/kegg:D01251>,1038
<http://bio2rdf.org/kegg:D08192>,1039
<http://bio2rdf.org/kegg:D08492>,1040
<http://bio2rdf.org/kegg:D04292>,1041
<http://bio2rdf.org/kegg:D05206>,1042
<http://bio2rdf.org/kegg:D01782>,1043
<http://bio2rdf.org/kegg:D04479>,1044
<http://bio2rdf.org/kegg:D00227>,1045
<http://bio2rdf.org/kegg:D03622>,1046
<http://bio2rdf.org/kegg:D00691>,1047
<http://bio2rdf.org/kegg:D00328>,1048
<http://bio2rdf.org/kegg:D00835>,1049
<http://bio2rdf.org/kegg:D08478>,1050
<http://bio2rdf.org/kegg:D00533>,1051
<http://bio2rdf.org/kegg:D07733>,1052
<http://bio2rdf.org/kegg:D08620>,1053
<http://bio2rdf.org/kegg:D00066>,1054
<http://bio2rdf.org/kegg:D00660>,1055
<http://bio2rdf.org/kegg:D01421>,1056
<http://bio2rdf.org/kegg:D00364>,1057
<http://bio2rdf.org/kegg:D01692>,1058
<http://bio2rdf.org/kegg:D00890>,1059
<http://bio2rdf.org/kegg:D08307>,1060
<http://bio2rdf.org/kegg:D02286>,1061
<http://bio2rdf.org/kegg:D00786>,1062
<http://bio2rdf.org/kegg:D00421>,1063
<http://bio2rdf.org/kegg:D00681>,1064
<http://bio2rdf.org/kegg:D08426>,1065
<http://bio2rdf.org/kegg:D00529>,1066
<http://bio2rdf.org/kegg:D03879>,1067
<http://bio2rdf.org/kegg:D02418>,1068
<http://bio2rdf.org/kegg:D00620>,1069
<http://bio2rdf.org/kegg:D08605>,1070
<http://bio2rdf.org/kegg:D00412>,1071
<http://bio2rdf.org/kegg:D00834>,1072
<http://bio2rdf.org/kegg:D03696>,1073
<http://bio2rdf.org/kegg:D07871>,1074
<http://bio2rdf.org/kegg:D06883>,1075
<http://bio2rdf.org/kegg:D02339>,1076
<http://bio2rdf.org/kegg:D05442>,1077
<http://bio2rdf.org/kegg:D02262>,1078
<http://bio2rdf.org/kegg:D02353>,1079
<http://bio2rdf.org/kegg:D05512>,1080
<http://bio2rdf.org/kegg:D00450>,1081
<http://bio2rdf.org/kegg:D00751>,1082
<http://bio2rdf.org/kegg:D08396>,1083
<http://bio2rdf.org/kegg:D01366>,1084
<http://bio2rdf.org/kegg:D00609>,1085
<http://bio2rdf.org/kegg:D07816>,1086
<http://bio2rdf.org/kegg:D02147>,1087
<http://bio2rdf.org/kegg:D00951>,1088
<http://bio2rdf.org/kegg:D06397>,1089
<http://bio2rdf.org/kegg:D00411>,1090
<http://bio2rdf.org/kegg:D05947>,1091
<http://bio2rdf.org/kegg:D05700>,1092
<http://bio2rdf.org/kegg:D02524>,1093
<http://bio2rdf.org/kegg:D00580>,1094
<http://bio2rdf.org/kegg:D06390>,1095
<http://bio2rdf.org/kegg:D04065>,1096
<http://bio2rdf.org/kegg:D00307>,1097
<http://bio2rdf.org/kegg:D01415>,1098
<http://bio2rdf.org/kegg:D08380>,1099
<http://bio2rdf.org/kegg:D03860>,1100
<http://bio2rdf.org/kegg:D02318>,1101
<http://bio2rdf.org/kegg:D00695>,1102
<http://bio2rdf.org/kegg:D00771>,1103
<http://bio2rdf.org/kegg:D03360>,1104
<http://bio2rdf.org/kegg:D02199>,1105
<http://bio2rdf.org/kegg:D08607>,1106
<http://bio2rdf.org/kegg:D04790>,1107
<http://bio2rdf.org/kegg:D01108>,1108
<http://bio2rdf.org/kegg:D04972>,1109
<http://bio2rdf.org/kegg:D05156>,1110
<http://bio2rdf.org/kegg:D01186>,1111
<http://bio2rdf.org/kegg:D02275>,1112
<http://bio2rdf.org/kegg:D00892>,1113
<http://bio2rdf.org/kegg:D07486>,1114
<http://bio2rdf.org/kegg:D07869>,1115
<http://bio2rdf.org/kegg:D00963>,1116
<http://bio2rdf.org/kegg:D00939>,1117
<http://bio2rdf.org/kegg:D00782>,1118
<http://bio2rdf.org/kegg:D07874>,1119
<http://bio2rdf.org/kegg:D00148>,1120
<http://bio2rdf.org/kegg:D08654>,1121
<http://bio2rdf.org/kegg:D00094>,1122
<http://bio2rdf.org/kegg:D00354>,1123
<http://bio2rdf.org/kegg:D08180>,1124
<http://bio2rdf.org/kegg:D02359>,1125
<http://bio2rdf.org/kegg:D07820>,1126
<http://bio2rdf.org/kegg:D08570>,1127
<http://bio2rdf.org/kegg:D03621>,1128
<http://bio2rdf.org/kegg:D01172>,1129
<http://bio2rdf.org/kegg:D00763>,1130
<http://bio2rdf.org/kegg:D07617>,1131
<http://bio2rdf.org/kegg:D02471>,1132
<http://bio2rdf.org/kegg:D01068>,1133
<http://bio2rdf.org/kegg:D00984>,1134
<http://bio2rdf.org/kegg:D08611>,1135
<http://bio2rdf.org/kegg:D01713>,1136
<http://bio2rdf.org/kegg:D08343>,1137
<http://bio2rdf.org/kegg:D08255>,1138
<http://bio2rdf.org/kegg:D00187>,1139
<http://bio2rdf.org/kegg:D01125>,1140
<http://bio2rdf.org/kegg:D03693>,1141
<http://bio2rdf.org/kegg:D00869>,1142
<http://bio2rdf.org/kegg:D01462>,1143
<http://bio2rdf.org/kegg:D08323>,1144
<http://bio2rdf.org/kegg:D00921>,1145
<http://bio2rdf.org/kegg:D00018>,1146
<http://bio2rdf.org/kegg:D04061>,1147
<http://bio2rdf.org/kegg:D01118>,1148
<http://bio2rdf.org/kegg:D00590>,1149
<http://bio2rdf.org/kegg:D00790>,1150
<http://bio2rdf.org/kegg:D02683>,1151
<http://bio2rdf.org/kegg:D00774>,1152
<http://bio2rdf.org/kegg:D03504>,1153
<http://bio2rdf.org/kegg:D00897>,1154
<http://bio2rdf.org/kegg:D03830>,1155
<http://bio2rdf.org/kegg:D01020>,1156
<http://bio2rdf.org/kegg:D07125>,1157
<http://bio2rdf.org/kegg:D00495>,1158
<http://bio2rdf.org/kegg:D00521>,1159
<http://bio2rdf.org/kegg:D00185>,1160
<http://bio2rdf.org/kegg:D00134>,1161
<http://bio2rdf.org/kegg:D00592>,1162
<http://bio2rdf.org/kegg:D00671>,1163
<http://bio2rdf.org/kegg:D00161>,1164
<http://bio2rdf.org/kegg:D08362>,1165
<http://bio2rdf.org/kegg:D01161>,1166
<http://bio2rdf.org/kegg:D02501>,1167
<http://bio2rdf.org/kegg:D08626>,1168
<http://bio2rdf.org/kegg:D00702>,1169
<http://bio2rdf.org/kegg:D02185>,1170
<http://bio2rdf.org/kegg:D01628>,1171
<http://bio2rdf.org/kegg:D05575>,1172
<http://bio2rdf.org/kegg:D07913>,1173
<http://bio2rdf.org/kegg:D05466>,1174
<http://bio2rdf.org/kegg:D05740>,1175
<http://bio2rdf.org/kegg:D00262>,1176
<http://bio2rdf.org/kegg:D03648>,1177
<http://bio2rdf.org/kegg:D00290>,1178
<http://bio2rdf.org/kegg:D02256>,1179
<http://bio2rdf.org/kegg:D00234>,1180
<http://bio2rdf.org/kegg:D00449>,1181
<http://bio2rdf.org/kegg:D00881>,1182
<http://bio2rdf.org/kegg:D00911>,1183
<http://bio2rdf.org/kegg:D00613>,1184
<http://bio2rdf.org/kegg:D08047>,1185
<http://bio2rdf.org/kegg:D00385>,1186
<http://bio2rdf.org/kegg:D04716>,1187
<http://bio2rdf.org/kegg:D05729>,1188
<http://bio2rdf.org/kegg:D00677>,1189
<http://bio2rdf.org/kegg:D01317>,1190
<http://bio2rdf.org/kegg:D07662>,1191
<http://bio2rdf.org/kegg:D08226>,1192
<http://bio2rdf.org/kegg:D08526>,1193
<http://bio2rdf.org/kegg:D05022>,1194
<http://bio2rdf.org/kegg:D00447>,1195
<http://bio2rdf.org/kegg:D07113>,1196
<http://bio2rdf.org/kegg:D01627>,1197
<http://bio2rdf.org/kegg:D07658>,1198
<http://bio2rdf.org/kegg:D03285>,1199
<http://bio2rdf.org/kegg:D00540>,1200
<http://bio2rdf.org/kegg:D08593>,1201
<http://bio2rdf.org/kegg:D06401>,1202
<http://bio2rdf.org/kegg:D03843>,1203
<http://bio2rdf.org/kegg:D00872>,1204
<http://bio2rdf.org/kegg:D01820>,1205
<http://bio2rdf.org/kegg:D02306>,1206
<http://bio2rdf.org/kegg:D02261>,1207
<http://bio2rdf.org/kegg:D01112>,1208
<http://bio2rdf.org/kegg:D02178>,1209
<http://bio2rdf.org/kegg:D05461>,1210
<http://bio2rdf.org/kegg:D04999>,1211
<http://bio2rdf.org/kegg:D00300>,1212
<http://bio2rdf.org/kegg:D01203>,1213
<http://bio2rdf.org/kegg:D00752>,1214
<http://bio2rdf.org/kegg:D02485>,1215
<http://bio2rdf.org/kegg:D01953>,1216
<http://bio2rdf.org/kegg:D01072>,1217
<http://bio2rdf.org/kegg:D00534>,1218
<http://bio2rdf.org/kegg:D00112>,1219
<http://bio2rdf.org/kegg:D00352>,1220
<http://bio2rdf.org/kegg:D02268>,1221
<http://bio2rdf.org/kegg:D07598>,1222
<http://bio2rdf.org/kegg:D03904>,1223
<http://bio2rdf.org/kegg:D00522>,1224
<http://bio2rdf.org/kegg:D07639>,1225
<http://bio2rdf.org/kegg:D07867>,1226
<http://bio2rdf.org/kegg:D08108>,1227
<http://bio2rdf.org/kegg:D00576>,1228
<http://bio2rdf.org/kegg:D00870>,1229
<http://bio2rdf.org/kegg:D08549>,1230
<http://bio2rdf.org/kegg:D01518>,1231
<http://bio2rdf.org/kegg:D05312>,1232
<http://bio2rdf.org/kegg:D03903>,1233
<http://bio2rdf.org/kegg:D00778>,1234
<http://bio2rdf.org/kegg:D02066>,1235
<http://bio2rdf.org/kegg:D00162>,1236
<http://bio2rdf.org/kegg:D00607>,1237
<http://bio2rdf.org/kegg:D03163>,1238
<http://bio2rdf.org/kegg:D00584>,1239
<http://bio2rdf.org/kegg:D00104>,1240
<http://bio2rdf.org/kegg:D03783>,1241
<http://bio2rdf.org/kegg:D00314>,1242
<http://bio2rdf.org/kegg:D02237>,1243
<http://bio2rdf.org/kegg:D01073>,1244
<http://bio2rdf.org/kegg:D02307>,1245
<http://bio2rdf.org/kegg:D08229>,1246
<http://bio2rdf.org/kegg:D00413>,1247
<http://bio2rdf.org/kegg:D00268>,1248
<http://bio2rdf.org/kegg:D00238>,1249
<http://bio2rdf.org/kegg:D07775>,1250
<http://bio2rdf.org/kegg:D05134>,1251
<http://bio2rdf.org/kegg:D00333>,1252
<http://bio2rdf.org/kegg:D02212>,1253
<http://bio2rdf.org/kegg:D00368>,1254
<http://bio2rdf.org/kegg:D00208>,1255
<http://bio2rdf.org/kegg:D04905>,1256
<http://bio2rdf.org/kegg:D00579>,1257
<http://bio2rdf.org/kegg:D00507>,1258
<http://bio2rdf.org/kegg:D00766>,1259
<http://bio2rdf.org/kegg:D02780>,1260
<http://bio2rdf.org/kegg:D03431>,1261
<http://bio2rdf.org/kegg:D02543>,1262
<http://bio2rdf.org/kegg:D02017>,1263
<http://bio2rdf.org/kegg:D07667>,1264
<http://bio2rdf.org/kegg:D00144>,1265
<http://bio2rdf.org/kegg:D00409>,1266
<http://bio2rdf.org/kegg:D07907>,1267
<http://bio2rdf.org/kegg:D01776>,1268
<http://bio2rdf.org/kegg:D02203>,1269
<http://bio2rdf.org/kegg:D08559>,1270
<http://bio2rdf.org/kegg:D00959>,1271
<http://bio2rdf.org/kegg:D07876>,1272
<http://bio2rdf.org/kegg:D08514>,1273
<http://bio2rdf.org/kegg:D00568>,1274
<http://bio2rdf.org/kegg:D00891>,1275
<http://bio2rdf.org/kegg:D00329>,1276
<http://bio2rdf.org/kegg:D00496>,1277
<http://bio2rdf.org/kegg:D08543>,1278
<http://bio2rdf.org/kegg:D03658>,1279
<http://bio2rdf.org/kegg:D00145>,1280
<http://bio2rdf.org/kegg:D02437>,1281
<http://bio2rdf.org/kegg:D03580>,1282
<http://bio2rdf.org/kegg:D07648>,1283
<http://bio2rdf.org/kegg:D07626>,1284
<http://bio2rdf.org/kegg:D01949>,1285
<http://bio2rdf.org/kegg:D07958>,1286
<http://bio2rdf.org/kegg:D08011>,1287
<http://bio2rdf.org/kegg:D00067>,1288
<http://bio2rdf.org/kegg:D06884>,1289
<http://bio2rdf.org/kegg:D08358>,1290
<http://bio2rdf.org/kegg:D04006>,1291
<http://bio2rdf.org/kegg:D00338>,1292
<http://bio2rdf.org/kegg:D07809>,1293
<http://bio2rdf.org/kegg:D08339>,1294
<http://bio2rdf.org/kegg:D00282>,1295
<http://bio2rdf.org/kegg:D00659>,1296
<http://bio2rdf.org/kegg:D03571>,1297
<http://bio2rdf.org/kegg:D03166>,1298
<http://bio2rdf.org/kegg:D08246>,1299
<http://bio2rdf.org/kegg:D07905>,1300
<http://bio2rdf.org/kegg:D01737>,1301
<http://bio2rdf.org/kegg:D03033>,1302
<http://bio2rdf.org/kegg:D00837>,1303
<http://bio2rdf.org/kegg:D00135>,1304
<http://bio2rdf.org/kegg:D07758>,1305
<http://bio2rdf.org/kegg:D06246>,1306
<http://bio2rdf.org/kegg:D00033>,1307
<http://bio2rdf.org/kegg:D00509>,1308
<http://bio2rdf.org/kegg:D08670>,1309
<http://bio2rdf.org/kegg:D00573>,1310
<http://bio2rdf.org/kegg:D00182>,1311
<http://bio2rdf.org/kegg:D00524>,1312
<http://bio2rdf.org/kegg:D00775>,1313
<http://bio2rdf.org/kegg:D00504>,1314
<http://bio2rdf.org/kegg:D02138>,1315
<http://bio2rdf.org/kegg:D00728>,1316
<http://bio2rdf.org/kegg:D01717>,1317
<http://bio2rdf.org/kegg:D02542>,1318
<http://bio2rdf.org/kegg:D06379>,1319
<http://bio2rdf.org/kegg:D00907>,1320
<http://bio2rdf.org/kegg:D00406>,1321
<http://bio2rdf.org/kegg:D00928>,1322
<http://bio2rdf.org/kegg:D08560>,1323
<http://bio2rdf.org/kegg:D00155>,1324
<http://bio2rdf.org/kegg:D02100>,1325
<http://bio2rdf.org/kegg:D00204>,1326
<http://bio2rdf.org/kegg:D08012>,1327
<http://bio2rdf.org/kegg:D01373>,1328
<http://bio2rdf.org/kegg:D03704>,1329
<http://bio2rdf.org/kegg:D00878>,1330
<http://bio2rdf.org/kegg:D00257>,1331
<http://bio2rdf.org/kegg:D00838>,1332
<http://bio2rdf.org/kegg:D00893>,1333
<http://bio2rdf.org/kegg:D00209>,1334
<http://bio2rdf.org/kegg:D03899>,1335
<http://bio2rdf.org/kegg:D02682>,1336
<http://bio2rdf.org/kegg:D08614>,1337
<http://bio2rdf.org/kegg:D00180>,1338
<http://bio2rdf.org/kegg:D02541>,1339
<http://bio2rdf.org/kegg:D07413>,1340
<http://bio2rdf.org/kegg:D00591>,1341
<http://bio2rdf.org/kegg:D02141>,1342
<http://bio2rdf.org/kegg:D00957>,1343
<http://bio2rdf.org/kegg:D01180>,1344
<http://bio2rdf.org/kegg:D02168>,1345
<http://bio2rdf.org/kegg:D00296>,1346
<http://bio2rdf.org/kegg:D08056>,1347
<http://bio2rdf.org/kegg:D00470>,1348
<http://bio2rdf.org/kegg:D00910>,1349
<http://bio2rdf.org/kegg:D02111>,1350
<http://bio2rdf.org/kegg:D07057>,1351
<http://bio2rdf.org/kegg:D00183>,1352
<http://bio2rdf.org/kegg:D01249>,1353
<http://bio2rdf.org/kegg:D02733>,1354
<http://bio2rdf.org/kegg:D03267>,1355
<http://bio2rdf.org/kegg:D01939>,1356
<http://bio2rdf.org/kegg:D07467>,1357
<http://bio2rdf.org/kegg:D00768>,1358
<http://bio2rdf.org/kegg:D08428>,1359
<http://bio2rdf.org/kegg:D05322>,1360
<http://bio2rdf.org/kegg:D03428>,1361
<http://bio2rdf.org/kegg:D00359>,1362
<http://bio2rdf.org/kegg:D07129>,1363
<http://bio2rdf.org/kegg:D01192>,1364
<http://bio2rdf.org/kegg:D05353>,1365
<http://bio2rdf.org/kegg:D08300>,1366
<http://bio2rdf.org/kegg:D08513>,1367
<http://bio2rdf.org/kegg:D07175>,1368
<http://bio2rdf.org/kegg:D00990>,1369
<http://bio2rdf.org/kegg:D01983>,1370
<http://bio2rdf.org/kegg:D00248>,1371
<http://bio2rdf.org/kegg:D08552>,1372
<http://bio2rdf.org/kegg:D00908>,1373
<http://bio2rdf.org/kegg:D07441>,1374
<http://bio2rdf.org/kegg:D06109>,1375
<http://bio2rdf.org/kegg:D07614>,1376
<http://bio2rdf.org/kegg:D07894>,1377
<http://bio2rdf.org/kegg:D05478>,1378
<http://bio2rdf.org/kegg:D08524>,1379
<http://bio2rdf.org/kegg:D08463>,1380
<http://bio2rdf.org/kegg:D05333>,1381
<http://bio2rdf.org/kegg:D00610>,1382
<http://bio2rdf.org/kegg:D00853>,1383
<http://bio2rdf.org/kegg:D00041>,1384
<http://bio2rdf.org/kegg:D00401>,1385
<http://bio2rdf.org/kegg:D00558>,1386
<http://bio2rdf.org/kegg:D00222>,1387
<http://bio2rdf.org/kegg:D00256>,1388
<http://bio2rdf.org/kegg:D03725>,1389
<http://bio2rdf.org/kegg:D04301>,1390
<http://bio2rdf.org/kegg:D07124>,1391
<http://bio2rdf.org/kegg:D08618>,1392
<http://bio2rdf.org/kegg:D02162>,1393
<http://bio2rdf.org/kegg:D04361>,1394
<http://bio2rdf.org/kegg:D02367>,1395
<http://bio2rdf.org/kegg:D02345>,1396
<http://bio2rdf.org/kegg:D00663>,1397
<http://bio2rdf.org/kegg:D02419>,1398
<http://bio2rdf.org/kegg:D07482>,1399
<http://bio2rdf.org/kegg:D03809>,1400
<http://bio2rdf.org/kegg:D00494>,1401
<http://bio2rdf.org/kegg:D02221>,1402
<http://bio2rdf.org/kegg:D07901>,1403
<http://bio2rdf.org/kegg:D01747>,1404
<http://bio2rdf.org/kegg:D02376>,1405
<http://bio2rdf.org/kegg:D04197>,1406
<http://bio2rdf.org/kegg:D05045>,1407
<http://bio2rdf.org/kegg:D05017>,1408
<http://bio2rdf.org/kegg:D07636>,1409
<http://bio2rdf.org/kegg:D00254>,1410
<http://bio2rdf.org/kegg:D04056>,1411
<http://bio2rdf.org/kegg:D00476>,1412
<http://bio2rdf.org/kegg:D03680>,1413
<http://bio2rdf.org/kegg:D02214>,1414
<http://bio2rdf.org/kegg:D00423>,1415
<http://bio2rdf.org/kegg:D00323>,1416
<http://bio2rdf.org/kegg:D08460>,1417
<http://bio2rdf.org/kegg:D00652>,1418
<http://bio2rdf.org/kegg:D01572>,1419
<http://bio2rdf.org/kegg:D01655>,1420
<http://bio2rdf.org/kegg:D01264>,1421
<http://bio2rdf.org/kegg:D02137>,1422
<http://bio2rdf.org/kegg:D01064>,1423
<http://bio2rdf.org/kegg:D00525>,1424
<http://bio2rdf.org/kegg:D00653>,1425
<http://bio2rdf.org/kegg:D07483>,1426
<http://bio2rdf.org/kegg:D02375>,1427
<http://bio2rdf.org/kegg:D03047>,1428
<http://bio2rdf.org/kegg:D00508>,1429
<http://bio2rdf.org/kegg:D08268>,1430
<http://bio2rdf.org/kegg:D02231>,1431
<http://bio2rdf.org/kegg:D02089>,1432
<http://bio2rdf.org/kegg:D00941>,1433
<http://bio2rdf.org/kegg:D00877>,1434
<http://bio2rdf.org/kegg:D00852>,1435
<http://bio2rdf.org/kegg:D03636>,1436
<http://bio2rdf.org/kegg:D04063>,1437
<http://bio2rdf.org/kegg:D02299>,1438
<http://bio2rdf.org/kegg:D06067>,1439
<http://bio2rdf.org/kegg:D03881>,1440
<http://bio2rdf.org/kegg:D03665>,1441
<http://bio2rdf.org/kegg:D00760>,1442
<http://bio2rdf.org/kegg:D02506>,1443
<http://bio2rdf.org/kegg:D01426>,1444
<http://bio2rdf.org/kegg:D00556>,1445
<http://bio2rdf.org/kegg:D03742>,1446
<http://bio2rdf.org/kegg:D00274>,1447
<http://bio2rdf.org/kegg:D02344>,1448
<http://bio2rdf.org/kegg:D00291>,1449
<http://bio2rdf.org/kegg:D07650>,1450
<http://bio2rdf.org/kegg:D00930>,1451
<http://bio2rdf.org/kegg:D07058>,1452
<http://bio2rdf.org/kegg:D00709>,1453
<http://bio2rdf.org/kegg:D00488>,1454
<http://bio2rdf.org/kegg:D02190>,1455
<http://bio2rdf.org/kegg:D01336>,1456
<http://bio2rdf.org/kegg:D00931>,1457
<http://bio2rdf.org/kegg:D08062>,1458
<http://bio2rdf.org/kegg:D05731>,1459
<http://bio2rdf.org/kegg:D03269>,1460
<http://bio2rdf.org/kegg:D00212>,1461
<http://bio2rdf.org/kegg:D06543>,1462
<http://bio2rdf.org/kegg:D03582>,1463
<http://bio2rdf.org/kegg:D07644>,1464
<http://bio2rdf.org/kegg:D00913>,1465
<http://bio2rdf.org/kegg:D00079>,1466
<http://bio2rdf.org/kegg:D00263>,1467
<http://bio2rdf.org/kegg:D08555>,1468
<http://bio2rdf.org/kegg:D03039>,1469
<http://bio2rdf.org/kegg:D00442>,1470
<http://bio2rdf.org/kegg:D02305>,1471
<http://bio2rdf.org/kegg:D08174>,1472
<http://bio2rdf.org/kegg:D02925>,1473
<http://bio2rdf.org/kegg:D04370>,1474
<http://bio2rdf.org/kegg:D00264>,1475
<http://bio2rdf.org/kegg:D00259>,1476
<http://bio2rdf.org/kegg:D00586>,1477
<http://bio2rdf.org/kegg:D02166>,1478
<http://bio2rdf.org/kegg:D02179>,1479
<http://bio2rdf.org/kegg:D06236>,1480
<http://bio2rdf.org/kegg:D00467>,1481
<http://bio2rdf.org/kegg:D02348>,1482
<http://bio2rdf.org/kegg:D00662>,1483
<http://bio2rdf.org/kegg:D07616>,1484
<http://bio2rdf.org/kegg:D01904>,1485
<http://bio2rdf.org/kegg:D00440>,1486
<http://bio2rdf.org/kegg:D00284>,1487
<http://bio2rdf.org/kegg:D07647>,1488
<http://bio2rdf.org/kegg:D00929>,1489
<http://bio2rdf.org/kegg:D00682>,1490
<http://bio2rdf.org/kegg:D00043>,1491
<http://bio2rdf.org/kegg:D00704>,1492
<http://bio2rdf.org/kegg:D00015>,1493
<http://bio2rdf.org/kegg:D01053>,1494
<http://bio2rdf.org/kegg:D08603>,1495
<http://bio2rdf.org/kegg:D02068>,1496
<http://bio2rdf.org/kegg:D00045>,1497
<http://bio2rdf.org/kegg:D00994>,1498
<http://bio2rdf.org/kegg:D03387>,1499
<http://bio2rdf.org/kegg:D07890>,1500
<http://bio2rdf.org/kegg:D02285>,1501
<http://bio2rdf.org/kegg:D02465>,1502
<http://bio2rdf.org/kegg:D03399>,1503
<http://bio2rdf.org/kegg:D08109>,1504
<http://bio2rdf.org/kegg:D02357>,1505
<http://bio2rdf.org/kegg:D06495>,1506
<http://bio2rdf.org/kegg:D02373>,1507
<http://bio2rdf.org/kegg:D00376>,1508
<http://bio2rdf.org/kegg:D06239>,1509
<http://bio2rdf.org/kegg:D04872>,1510
<http://bio2rdf.org/kegg:D00075>,1511
<http://bio2rdf.org/kegg:D02074>,1512
<http://bio2rdf.org/kegg:D03828>,1513
<http://bio2rdf.org/kegg:D00069>,1514
<http://bio2rdf.org/kegg:D00917>,1515
<http://bio2rdf.org/kegg:D00035>,1516
<http://bio2rdf.org/kegg:D00532>,1517
<http://bio2rdf.org/kegg:D00188>,1518
<http://bio2rdf.org/kegg:D08669>,1519
<http://bio2rdf.org/kegg:D04931>,1520
<http://bio2rdf.org/kegg:D05116>,1521
<http://bio2rdf.org/kegg:D01964>,1522
<http://bio2rdf.org/kegg:D00398>,1523
<http://bio2rdf.org/kegg:D07776>,1524
<http://bio2rdf.org/kegg:D06085>,1525
<http://bio2rdf.org/kegg:D06300>,1526
<http://bio2rdf.org/kegg:D02157>,1527
<http://bio2rdf.org/kegg:D00518>,1528
<http://bio2rdf.org/kegg:D03637>,1529
<http://bio2rdf.org/kegg:D00915>,1530
<http://bio2rdf.org/kegg:D08033>,1531
<http://bio2rdf.org/kegg:D06087>,1532
<http://bio2rdf.org/kegg:D05458>,1533
<http://bio2rdf.org/kegg:D00020>,1534
<http://bio2rdf.org/kegg:D00341>,1535
<http://bio2rdf.org/kegg:D03048>,1536
<http://bio2rdf.org/kegg:D08167>,1537
<http://bio2rdf.org/kegg:D05099>,1538
<http://bio2rdf.org/kegg:D00006>,1539
<http://bio2rdf.org/kegg:D07645>,1540
<http://bio2rdf.org/kegg:D02398>,1541
<http://bio2rdf.org/kegg:D00410>,1542
<http://bio2rdf.org/kegg:D00363>,1543
<http://bio2rdf.org/kegg:D08588>,1544
<http://bio2rdf.org/kegg:D00306>,1545
<http://bio2rdf.org/kegg:D06378>,1546
<http://bio2rdf.org/kegg:D07281>,1547
<http://bio2rdf.org/kegg:D02487>,1548
<http://bio2rdf.org/kegg:D00062>,1549
<http://bio2rdf.org/kegg:D00369>,1550
<http://bio2rdf.org/kegg:D07945>,1551
<http://bio2rdf.org/kegg:D01199>,1552
<http://bio2rdf.org/kegg:D00261>,1553
<http://bio2rdf.org/kegg:D08643>,1554
<http://bio2rdf.org/kegg:D00096>,1555
<http://bio2rdf.org/kegg:D07861>,1556
<http://bio2rdf.org/kegg:D06299>,1557
<http://bio2rdf.org/kegg:D06238>,1558
<http://bio2rdf.org/kegg:D01283>,1559
<http://bio2rdf.org/kegg:D03439>,1560
<http://bio2rdf.org/kegg:D00022>,1561
<http://bio2rdf.org/kegg:D08454>,1562
<http://bio2rdf.org/kegg:D00021>,1563
<http://bio2rdf.org/kegg:D01217>,1564
<http://bio2rdf.org/kegg:D01132>,1565
<http://bio2rdf.org/kegg:D00956>,1566
<http://bio2rdf.org/kegg:D00900>,1567
<http://bio2rdf.org/kegg:D02922>,1568
<http://bio2rdf.org/kegg:D04720>,1569
<http://bio2rdf.org/kegg:D02730>,1570
<http://bio2rdf.org/kegg:D00266>,1571
<http://bio2rdf.org/kegg:D01370>,1572
<http://bio2rdf.org/kegg:D01013>,1573
<http://bio2rdf.org/kegg:D00955>,1574
<http://bio2rdf.org/kegg:D03730>,1575
<http://bio2rdf.org/kegg:D01136>,1576
<http://bio2rdf.org/kegg:D05209>,1577
<http://bio2rdf.org/kegg:D02368>,1578
<http://bio2rdf.org/kegg:D00223>,1579
<http://bio2rdf.org/kegg:D03545>,1580
<http://bio2rdf.org/kegg:D06392>,1581
<http://bio2rdf.org/kegg:D04196>,1582
<http://bio2rdf.org/kegg:D00019>,1583
<http://bio2rdf.org/kegg:D00356>,1584
<http://bio2rdf.org/kegg:D02754>,1585
<http://bio2rdf.org/kegg:D01774>,1586
<http://bio2rdf.org/kegg:D00942>,1587
<http://bio2rdf.org/kegg:D02240>,1588
<http://bio2rdf.org/kegg:D04148>,1589
<http://bio2rdf.org/kegg:D02335>,1590
<http://bio2rdf.org/kegg:D01340>,1591
<http://bio2rdf.org/kegg:D00065>,1592
<http://bio2rdf.org/kegg:D03544>,1593
<http://bio2rdf.org/kegg:D03546>,1594
<http://bio2rdf.org/kegg:D00952>,1595
<http://bio2rdf.org/kegg:D07706>,1596
<http://bio2rdf.org/kegg:D02724>,1597
<http://bio2rdf.org/kegg:D02095>,1598
<http://bio2rdf.org/kegg:D07771>,1599
<http://bio2rdf.org/kegg:D07805>,1600
<http://bio2rdf.org/kegg:D00011>,1601
<http://bio2rdf.org/kegg:D02113>,1602
<http://bio2rdf.org/kegg:D07593>,1603
<http://bio2rdf.org/kegg:D07746>,1604
<http://bio2rdf.org/kegg:D08689>,1605
<http://bio2rdf.org/kegg:D08187>,1606
<http://bio2rdf.org/kegg:D00953>,1607
<http://bio2rdf.org/kegg:D06265>,1608
<http://bio2rdf.org/kegg:D08664>,1609
<http://bio2rdf.org/kegg:D03750>,1610
<http://bio2rdf.org/kegg:D02218>,1611
<http://bio2rdf.org/kegg:D02815>,1612
<http://bio2rdf.org/kegg:D00288>,1613
<http://bio2rdf.org/kegg:D00013>,1614
<http://bio2rdf.org/kegg:D05456>,1615
<http://bio2rdf.org/kegg:D04004>,1616
<http://bio2rdf.org/kegg:D08241>,1617
<http://bio2rdf.org/kegg:D00353>,1618
<http://bio2rdf.org/kegg:D02343>,1619
<http://bio2rdf.org/kegg:D08170>,1620
<http://bio2rdf.org/kegg:D02982>,1621
<http://bio2rdf.org/kegg:D02304>,1622
<http://bio2rdf.org/kegg:D02361>,1623
<http://bio2rdf.org/kegg:D01352>,1624
<http://bio2rdf.org/kegg:D00348>,1625
<http://bio2rdf.org/kegg:D07107>,1626
<http://bio2rdf.org/kegg:D04583>,1627
<http://bio2rdf.org/kegg:D02466>,1628
<http://bio2rdf.org/kegg:D01476>,1629
<http://bio2rdf.org/kegg:D00016>,1630
<http://bio2rdf.org/kegg:D06642>,1631
<http://bio2rdf.org/kegg:D00988>,1632
<http://bio2rdf.org/kegg:D06298>,1633
<http://bio2rdf.org/kegg:D08166>,1634
<http://bio2rdf.org/kegg:D01474>,1635
<http://bio2rdf.org/kegg:D00317>,1636
<http://bio2rdf.org/kegg:D00039>,1637
<http://bio2rdf.org/kegg:D02571>,1638
<http://bio2rdf.org/kegg:D00231>,1639
<http://bio2rdf.org/kegg:D01150>,1640
<http://bio2rdf.org/kegg:D08333>,1641
<http://bio2rdf.org/kegg:D03801>,1642
<http://bio2rdf.org/kegg:D02769>,1643
<http://bio2rdf.org/kegg:D05113>,1644
<http://bio2rdf.org/kegg:D00327>,1645
<http://bio2rdf.org/kegg:D08347>,1646
<http://bio2rdf.org/kegg:D00012>,1647
<http://bio2rdf.org/kegg:D00030>,1648
<http://bio2rdf.org/kegg:D06056>,1649
<http://bio2rdf.org/kegg:D02085>,1650
<http://bio2rdf.org/kegg:D07472>,1651
<http://bio2rdf.org/kegg:D00128>,1652
<http://bio2rdf.org/kegg:D00070>,1653
<http://bio2rdf.org/kegg:D08027>,1654
<http://bio2rdf.org/kegg:D00026>,1655
<http://bio2rdf.org/kegg:D00160>,1656
<http://bio2rdf.org/kegg:D00098>,1657
<http://bio2rdf.org/kegg:D01294>,1658
<http://bio2rdf.org/kegg:D04066>,1659
<http://bio2rdf.org/kegg:D08249>,1660
<http://bio2rdf.org/kegg:D00101>,1661
<http://bio2rdf.org/kegg:D08512>,1662
